{
    "subth": {
        "linear": {
            "with_pre_filter": {
                "lambda": 38.28883040491414,
                "tau": 0.02056221561374837,
                "err": 0.14741859420622877
            },
            "without_pre_filter": {
                "lambda": 68.21121719582916,
                "err": 0.15421847018505425
            }
        },
        "linear_2d": {
            "with_pre_filter": {
                "lambda": 8.531678524172806,
                "tau": 0.011583232862547104,
                "err": 0.08360475090736462
            },
            "without_pre_filter": {
                "lambda": 11.721022975334806,
                "err": 0.09148509032924523
            }
        },
        "gc50_no_noise": {
            "with_pre_filter": {
                "lambda": 0.0015420120740987876,
                "tau": 0.011583232862547104,
                "err": 0.03477578454944436
            },
            "without_pre_filter": {
                "lambda": 0.10748502514263064,
                "err": 0.04255478254239431
            }
        },
        "gc50_noisy": {
            "with_pre_filter": {
                "lambda": 0.001,
                "tau": 0.001,
                "err": 0.04675858598343948
            },
            "without_pre_filter": {
                "lambda": 0.001,
                "err": 0.04675858598343948
            }
        },
        "gc100_no_noise": {
            "with_pre_filter": {
                "lambda": 0.004754621911497074,
                "tau": 0.013323553212817248,
                "err": 0.03999981533165322
            },
            "without_pre_filter": {
                "lambda": 0.16937141873226041,
                "err": 0.052082302600787625
            }
        },
        "gc100_noisy": {
            "with_pre_filter": {
                "lambda": 8.531678524172806,
                "tau": 0.0017751707021477282,
                "err": 0.06791616589163015
            },
            "without_pre_filter": {
                "lambda": 8.531678524172806,
                "err": 0.06798648947420817
            }
        },
        "gc200_no_noise": {
            "with_pre_filter": {
                "lambda": 0.32431854788917563,
                "tau": 0.017876382359836518,
                "err": 0.05718536391600569
            },
            "without_pre_filter": {
                "lambda": 0.04423520304514771,
                "err": 0.07033506154014059
            }
        },
        "gc200_noisy": {
            "with_pre_filter": {
                "lambda": 8.78160033390695,
                "tau": 0.017627901206922238,
                "err": 0.09004396814328326
            },
            "without_pre_filter": {
                "lambda": 8.531678524172806,
                "err": 0.09080933616631189
            }
        }
    },
    "nosubth": {
        "linear": {
            "with_pre_filter": {
                "lambda": 38.28883040491414,
                "tau": 0.03650144272877066,
                "err": 0.25025801367168615
            },
            "without_pre_filter": {
                "lambda": 93.71019332979176,
                "err": 0.2551527571364764
            }
        },
        "linear_2d": {
            "with_pre_filter": {
                "lambda": 8.78160033390695,
                "tau": 0.011583232862547104,
                "err": 0.08382226092313483
            },
            "without_pre_filter": {
                "lambda": 15.644344352347058,
                "err": 0.09186982732028585
            }
        },
        "gc50_no_noise": {
            "with_pre_filter": {
                "lambda": 0.001,
                "tau": 0.013511360701886646,
                "err": 0.049351859163795905
            },
            "without_pre_filter": {
                "lambda": 0.011553030629911948,
                "err": 0.061945189702607914
            }
        },
        "gc50_noisy": {
            "with_pre_filter": {
                "lambda": 0.001241777787729667,
                "tau": 0.001,
                "err": 0.05387193531250978
            },
            "without_pre_filter": {
                "lambda": 0.001241777787729667,
                "err": 0.05387193531250978
            }
        },
        "gc100_no_noise": {
            "with_pre_filter": {
                "lambda": 0.001,
                "tau": 0.015325347622834329,
                "err": 0.04793583165424834
            },
            "without_pre_filter": {
                "lambda": 0.05493029257717619,
                "err": 0.07015166244695978
            }
        },
        "gc100_noisy": {
            "with_pre_filter": {
                "lambda": 0.001,
                "tau": 0.001,
                "err": 0.08007495576898957
            },
            "without_pre_filter": {
                "lambda": 0.001,
                "err": 0.08007495576898957
            }
        },
        "gc200_no_noise": {
            "with_pre_filter": {
                "lambda": 0.001,
                "tau": 0.023651581311899404,
                "err": 0.06962694896530523
            },
            "without_pre_filter": {
                "lambda": 0.035622478902624426,
                "err": 0.0886231010826178
            }
        },
        "gc200_noisy": {
            "with_pre_filter": {
                "lambda": 1.9567531884454445,
                "tau": 0.001,
                "err": 0.1428220269599819
            },
            "without_pre_filter": {
                "lambda": 1.9567531884454445,
                "err": 0.1428220269599819
            }
        }
    }
}
